<application>
  <component name="VisualizationTool">
    <option name="state">
      <GlobalState>
        <option name="configurationSetName" value="CUSTOM" />
        <option name="customConfigurationAttributes">
          <list>
            <CustomConfigurationAttribute>
              <option name="apiLevel" value="30" />
              <option name="deviceId" value="pixel" />
              <option name="name" value="Preview" />
              <option name="nightMode" value="NOTNIGHT" />
              <option name="orientation" value="PORTRAIT" />
              <option name="theme" value="AppTheme" />
              <option name="uiMode" value="NORMAL" />
            </CustomConfigurationAttribute>
            <CustomConfigurationAttribute>
              <option name="apiLevel" value="30" />
              <option name="deviceId" value="pixel" />
              <option name="name" value="Preview" />
              <option name="nightMode" value="NOTNIGHT" />
              <option name="orientation" value="PORTRAIT" />
              <option name="theme" value="AppTheme" />
              <option name="uiMode" value="NORMAL" />
            </CustomConfigurationAttribute>
            <CustomConfigurationAttribute>
              <option name="apiLevel" value="30" />
              <option name="deviceId" value="pixel" />
              <option name="name" value="Preview" />
              <option name="nightMode" value="NIGHT" />
              <option name="orientation" value="PORTRAIT" />
              <option name="theme" value="android:Theme.Black" />
              <option name="uiMode" value="NORMAL" />
            </CustomConfigurationAttribute>
          </list>
        </option>
        <option name="scale" value="0.315035799522673" />
        <option name="showDecoration" value="true" />
      </GlobalState>
    </option>
  </component>
</application>